id,phi0,epsr,epsv,thetasf,rp_kep,ra_kep,alpha,ra,dt1,dt2,x_lpo,y_lpo,z_lpo,xdot_lpo,ydot_lpo,zdot_lpo,m_lpo,x_ra,y_ra,z_ra,xdot_ra,ydot_ra,zdot_ra,m_ra,x_rp,y_rp,z_rp,xdot_rp,ydot_rp,zdot_rp,m_rp,x_lr,y_lr,z_lr,xdot_lr,ydot_lr,zdot_lr,m_lr,t_lr,tof,lfb
1.0,0.6283185307179587,1.0e-5,1.0e-5,3.1415926535897927,0.03364548892700611,2.0421796217931476,-0.47928069829981806,2.9871896183491895,8.814925210031973,9.343874639681008,389.9886578657274,-0.058152579436309935,-7.860822740255053e-21,0.002437199468587951,0.9753970635604393,9.218510547863213e-21,1.0,386.4505547104779,1.8174596091629995,-1.7138173677311748e-20,-0.004658198092261458,-0.0056829862790299225,2.0512566335572163e-22,1.015969144516489,388.8566850936029,-0.02630269320640949,0.0,3.5049539129198197,6.744226727049519,0.0,1.0373867418145766,388.11676411004987,0.6903483807857436,-3.3545995145744475e-21,-0.8638514922151362,0.5370802153594092,-5.625966851457684e-21,1.0373867418145766,17.553048930482298,18.15879984971298,1.0
2.0,2.6808257310632904,1.0e-5,1.0e-5,6.178465552059926,0.0379436129754524,2.0361555646702674,2.744743730357003,2.9512174719276265,8.916187165798215,9.255847126326666,387.66256775278157,-0.04772021821295777,-8.420431259866888e-21,0.09677798896254572,-0.9991113667201379,1.7450616701463672e-20,1.0,391.29644602064286,-1.607181721146997,-1.1041818326353319e-20,0.0071091538073539545,0.01099634973493426,8.131453592664368e-22,1.0162173428388444,388.7796797510218,0.024890651366393693,0.0,-2.763421087579194,-6.593958209317189,0.0,1.0374185553584612,389.56575787898566,-0.641248794621077,-2.156238204032789e-21,0.8995915833957765,-0.4682543109819885,-3.644147921687438e-21,1.0374185553584612,17.56602848280317,18.17203429212488,1.0
3.0,4.628613176288962,1.0e-5,1.0e-5,3.1415926535897927,0.03430472995544496,2.049658552428886,-0.47667069313782445,2.9868504243879346,8.81358941132179,9.33868034670045,389.98860622108964,-0.05825769394492203,-7.867354531125078e-21,0.002460377483375052,0.9755348698203516,9.256107213678451e-21,1.0,386.4516121458264,1.8182809586193818,-1.7145909185536343e-20,-0.004673963582988557,-0.005814353293360586,2.0934298104632407e-22,1.0159658703886414,388.8573763116554,-0.026493214381382274,0.0,3.4532243248354684,6.687286440649862,0.0,1.0373683202860455,388.11641371675285,0.6912171934029807,-3.3646895349152666e-21,-0.8635201809285357,0.5358051429632903,-5.6055817808135495e-21,1.0373683202860455,17.545533173331023,18.15226975802224,1.0
