id,phi0,epsr,epsv,thetasf,rp_kep,ra_kep,alpha,ra,dt1,dt2,x_lpo,y_lpo,z_lpo,xdot_lpo,ydot_lpo,zdot_lpo,m_lpo,x_ra,y_ra,z_ra,xdot_ra,ydot_ra,zdot_ra,m_ra,x_rp,y_rp,z_rp,xdot_rp,ydot_rp,zdot_rp,m_rp,x_lr,y_lr,z_lr,xdot_lr,ydot_lr,zdot_lr,m_lr,t_lr,tof,lfb
1.0,0.335103216,1.0e-5,1.0e-5,0.104719755,0.01910101443353398,2.7168418205056004,2.6177975883945384,2.356525203993629,7.587292479150626,4.298925821903994,387.65978426078675,0.05200845505611208,-7.714850735272983e-22,-0.09785202284476953,-0.9895789733387426,-1.415054246994857e-21,1.0,390.660303140332,-1.4734493108121829,-1.6216027223833708e-21,0.0797755287513308,0.09325541973183595,-5.099979279777526e-22,1.0129601526046879,388.8059874401841,0.021635788050024,0.0,-5.069071838685357,-8.775911300169172,0.0,1.0234970441632738,388.8059874401841,0.021635788050018468,1.0183402210349891e-23,-5.069071838683891,-8.775911300170032,6.104336860987284e-20,1.0234970441632738,11.88621830105462,11.88621830105462,0.0
