id,phi0,epsr,epsv,thetasf,rp_kep,ra_kep,alpha,ra,dt1,dt2,x_ini,y_ini,z_ini,xdot_ini,ydot_ini,zdot_ini,m_ini,x_ra,y_ra,z_ra,xdot_ra,ydot_ra,zdot_ra,m_ra,x_rp,y_rp,z_rp,xdot_rp,ydot_rp,zdot_rp,m_rp,tof,m0,lfb
1.0,0.0,1.0e-6,1.0e-6,3.141592653589793,0.027835119400776077,5.357114163431891,-0.7037123165003034,4.229266614484396,13.934999999997716,9.394115008832822,389.94392691250204,2.793813746159371e-7,5.616193933421704e-23,-1.0294967931898664e-6,1.2038099785632352,-2.8995241187414234e-32,1.0,387.50044152346493,4.02539461910113,6.808352757419851e-23,0.10076717389589683,0.032836405794196256,2.43473105904022e-23,1.0,388.8536029523732,-0.01318653498592688,0.0,5.43965876324434,6.404830719186461,0.0,1.0,23.329115008830538,1.0,0.0
