id,phi0,epsr,epsv,thetaf,ra,rp,dt1,dt2,x_ra,x_rp,tof,m0,lfb
1,0.0,1.0e-6,1.0e-6,3.141592653589793,0.03292124057713885,4.229993493960073,13.774999999997805,9.555000000007725,"[387.51656133626216, 4.029774374329625, -6.699991938041254e-26, 0.1006886824690338, 0.02190905569030863, -2.2471989737594936e-26, 1.0]","[388.84850763214706, -0.018444814964332524, -2.4111267582075967e-27, 6.178211887501238, 5.5908615169627565, 3.224500889885035e-24, 1.0]",23.33000000000553,1.0,0
