id,phi0,epsr,epsv,thetaf,ra,rp,dt1,dt2,x_ra,x_rp,tof,m0,lfb
1,0.0,1.0e-6,1.0e-6,3.141592653589793,0.032921240498488054,4.2292666144741995,13.934999999997716,9.395000000007814,"[387.50044152342997, 4.025394619079025, 8.117222626097834e-23, 0.1007671738966572, 0.03283640579695227, 2.9027952500115e-23, 1.0]","[388.84850763191776, -0.018444815162877035, 3.087585601563318e-24, 6.178211913823994, 5.590861480567544, -4.129153734238316e-21, 1.0]",23.33000000000553,1.0,0
